date,sazonality,amplitude,alpha,smoothing,cossine,right-tail,Experimento
2031-01-01,cossine,0.0,0.85,0,True,0.3615200472830672,Experimento 1
2031-01-01,cossine,0.0,0.85,0,False,0.35332275070985614,Experimento 1
2031-01-01,cossine,0.0,0.85,3,False,0.3765862646856228,Experimento 1
2031-01-01,cossine,0.0,0.85,7,False,0.3740242595366457,Experimento 1
2031-01-01,cossine,0.0,0.9,0,True,0.3145734775113262,Experimento 1
2031-01-01,cossine,0.0,0.9,0,False,0.31424637177152676,Experimento 1
2031-01-01,cossine,0.0,0.9,3,False,0.3197904773476185,Experimento 1
2031-01-01,cossine,0.0,0.9,7,False,0.31400072814565266,Experimento 1
2031-01-01,cossine,0.0,0.95,0,True,0.28789844323023406,Experimento 1
2031-01-01,cossine,0.0,0.95,0,False,0.2730094711452691,Experimento 1
2031-01-01,cossine,0.0,0.95,3,False,0.27924206046953765,Experimento 1
2031-01-01,cossine,0.0,0.95,7,False,0.29295072975724373,Experimento 1
2031-01-01,cossine,0.0,1.0,0,True,0.29195151968773025,Experimento 1
2031-01-01,cossine,0.0,1.0,0,False,0.2623889600694776,Experimento 1
2031-01-01,cossine,0.0,1.0,3,False,0.2646807831629948,Experimento 1
2031-01-01,cossine,0.0,1.0,7,False,0.26322760976546716,Experimento 1
2031-02-01,cossine,0.0,0.85,0,True,0.21066970041693334,Experimento 1
2031-02-01,cossine,0.0,0.85,0,False,0.20594498494209942,Experimento 1
2031-02-01,cossine,0.0,0.85,3,False,0.22499453008181658,Experimento 1
2031-02-01,cossine,0.0,0.85,7,False,0.2118523822586889,Experimento 1
2031-02-01,cossine,0.0,0.9,0,True,0.23529713456465448,Experimento 1
2031-02-01,cossine,0.0,0.9,0,False,0.20468241854050914,Experimento 1
2031-02-01,cossine,0.0,0.9,3,False,0.20816162434582555,Experimento 1
2031-02-01,cossine,0.0,0.9,7,False,0.2339060938457102,Experimento 1
2031-02-01,cossine,0.0,0.95,0,True,0.23485224614477632,Experimento 1
2031-02-01,cossine,0.0,0.95,0,False,0.2047698047896209,Experimento 1
2031-02-01,cossine,0.0,0.95,3,False,0.24130120543798284,Experimento 1
2031-02-01,cossine,0.0,0.95,7,False,0.2156163874528198,Experimento 1
2031-02-01,cossine,0.0,1.0,0,True,0.25438666697092416,Experimento 1
2031-02-01,cossine,0.0,1.0,0,False,0.26322555223409533,Experimento 1
2031-02-01,cossine,0.0,1.0,3,False,0.2737261711205029,Experimento 1
2031-02-01,cossine,0.0,1.0,7,False,0.23635126748592414,Experimento 1
2031-03-01,cossine,0.0,0.85,0,True,0.31821839643592037,Experimento 1
2031-03-01,cossine,0.0,0.85,0,False,0.28851638512471517,Experimento 1
2031-03-01,cossine,0.0,0.85,3,False,0.2907995205816939,Experimento 1
2031-03-01,cossine,0.0,0.85,7,False,0.3223575125612774,Experimento 1
2031-03-01,cossine,0.0,0.9,0,True,0.313979300652409,Experimento 1
2031-03-01,cossine,0.0,0.9,0,False,0.2923313338489256,Experimento 1
2031-03-01,cossine,0.0,0.9,3,False,0.3061773363368994,Experimento 1
2031-03-01,cossine,0.0,0.9,7,False,0.3034698730134751,Experimento 1
2031-03-01,cossine,0.0,0.95,0,True,0.28792204074940336,Experimento 1
2031-03-01,cossine,0.0,0.95,0,False,0.2885067965694872,Experimento 1
2031-03-01,cossine,0.0,0.95,3,False,0.27589824822389,Experimento 1
2031-03-01,cossine,0.0,0.95,7,False,0.3171381266654706,Experimento 1
2031-03-01,cossine,0.0,1.0,0,True,0.26387340884356764,Experimento 1
2031-03-01,cossine,0.0,1.0,0,False,0.2642584004832996,Experimento 1
2031-03-01,cossine,0.0,1.0,3,False,0.2724960175477975,Experimento 1
2031-03-01,cossine,0.0,1.0,7,False,0.24952085453819278,Experimento 1
2031-04-01,cossine,0.0,0.85,0,True,0.26765381220387313,Experimento 1
2031-04-01,cossine,0.0,0.85,0,False,0.28831332925132813,Experimento 1
2031-04-01,cossine,0.0,0.85,3,False,0.2712658955261069,Experimento 1
2031-04-01,cossine,0.0,0.85,7,False,0.2752313957795606,Experimento 1
2031-04-01,cossine,0.0,0.9,0,True,0.2557989601981381,Experimento 1
2031-04-01,cossine,0.0,0.9,0,False,0.24547516881607326,Experimento 1
2031-04-01,cossine,0.0,0.9,3,False,0.25048096913422885,Experimento 1
2031-04-01,cossine,0.0,0.9,7,False,0.2335362931259065,Experimento 1
2031-04-01,cossine,0.0,0.95,0,True,0.22556159960542824,Experimento 1
2031-04-01,cossine,0.0,0.95,0,False,0.2286622072869074,Experimento 1
2031-04-01,cossine,0.0,0.95,3,False,0.2299698395150056,Experimento 1
2031-04-01,cossine,0.0,0.95,7,False,0.21461390772184874,Experimento 1
2031-04-01,cossine,0.0,1.0,0,True,0.1986889277235515,Experimento 1
2031-04-01,cossine,0.0,1.0,0,False,0.1987950566064007,Experimento 1
2031-04-01,cossine,0.0,1.0,3,False,0.21917260055609228,Experimento 1
2031-04-01,cossine,0.0,1.0,7,False,0.1967468182647734,Experimento 1
2031-05-01,cossine,0.0,0.85,0,True,0.21536079617791243,Experimento 1
2031-05-01,cossine,0.0,0.85,0,False,0.1646563944135821,Experimento 1
2031-05-01,cossine,0.0,0.85,3,False,0.1685914252527399,Experimento 1
2031-05-01,cossine,0.0,0.85,7,False,0.17098929165800156,Experimento 1
2031-05-01,cossine,0.0,0.9,0,True,0.2003792606239989,Experimento 1
2031-05-01,cossine,0.0,0.9,0,False,0.1666819250195056,Experimento 1
2031-05-01,cossine,0.0,0.9,3,False,0.15615987109773097,Experimento 1
2031-05-01,cossine,0.0,0.9,7,False,0.15906018152877427,Experimento 1
2031-05-01,cossine,0.0,0.95,0,True,0.18520875265659356,Experimento 1
2031-05-01,cossine,0.0,0.95,0,False,0.14981776559758467,Experimento 1
2031-05-01,cossine,0.0,0.95,3,False,0.15071059971570622,Experimento 1
2031-05-01,cossine,0.0,0.95,7,False,0.162733561623228,Experimento 1
2031-05-01,cossine,0.0,1.0,0,True,0.16534739348530453,Experimento 1
2031-05-01,cossine,0.0,1.0,0,False,0.15648811815161018,Experimento 1
2031-05-01,cossine,0.0,1.0,3,False,0.1534230918555768,Experimento 1
2031-05-01,cossine,0.0,1.0,7,False,0.1530699595584365,Experimento 1
2031-06-01,cossine,0.0,0.85,0,True,0.14255375453711033,Experimento 1
2031-06-01,cossine,0.0,0.85,0,False,0.1246393133980611,Experimento 1
2031-06-01,cossine,0.0,0.85,3,False,0.12928309491166362,Experimento 1
2031-06-01,cossine,0.0,0.85,7,False,0.13756688338763015,Experimento 1
2031-06-01,cossine,0.0,0.9,0,True,0.1346552521153517,Experimento 1
2031-06-01,cossine,0.0,0.9,0,False,0.12831883764394697,Experimento 1
2031-06-01,cossine,0.0,0.9,3,False,0.143450863909364,Experimento 1
2031-06-01,cossine,0.0,0.9,7,False,0.1342072179214898,Experimento 1
2031-06-01,cossine,0.0,0.95,0,True,0.1400887875245046,Experimento 1
2031-06-01,cossine,0.0,0.95,0,False,0.14760259002298123,Experimento 1
2031-06-01,cossine,0.0,0.95,3,False,0.14215894144897415,Experimento 1
2031-06-01,cossine,0.0,0.95,7,False,0.14283343109322721,Experimento 1
2031-06-01,cossine,0.0,1.0,0,True,0.13012728512843197,Experimento 1
2031-06-01,cossine,0.0,1.0,0,False,0.1499920613085178,Experimento 1
2031-06-01,cossine,0.0,1.0,3,False,0.15126342741516527,Experimento 1
2031-06-01,cossine,0.0,1.0,7,False,0.14261339915997256,Experimento 1
2031-07-01,cossine,0.0,0.85,0,True,0.14679197795798532,Experimento 1
2031-07-01,cossine,0.0,0.85,0,False,0.1790763567395273,Experimento 1
2031-07-01,cossine,0.0,0.85,3,False,0.15939785815281102,Experimento 1
2031-07-01,cossine,0.0,0.85,7,False,0.1425556516037521,Experimento 1
2031-07-01,cossine,0.0,0.9,0,True,0.1411928462899623,Experimento 1
2031-07-01,cossine,0.0,0.9,0,False,0.14490310979724771,Experimento 1
2031-07-01,cossine,0.0,0.9,3,False,0.15123527579916507,Experimento 1
2031-07-01,cossine,0.0,0.9,7,False,0.16366050630214912,Experimento 1
2031-07-01,cossine,0.0,0.95,0,True,0.13398142473409638,Experimento 1
2031-07-01,cossine,0.0,0.95,0,False,0.16033468307262044,Experimento 1
2031-07-01,cossine,0.0,0.95,3,False,0.1339457269044888,Experimento 1
2031-07-01,cossine,0.0,0.95,7,False,0.12638312052528408,Experimento 1
2031-07-01,cossine,0.0,1.0,0,True,0.1439591248348663,Experimento 1
2031-07-01,cossine,0.0,1.0,0,False,0.13992989027090494,Experimento 1
2031-07-01,cossine,0.0,1.0,3,False,0.13649445964424375,Experimento 1
2031-07-01,cossine,0.0,1.0,7,False,0.13964905323122875,Experimento 1
2031-08-01,cossine,0.0,0.85,0,True,0.15363034224027539,Experimento 1
2031-08-01,cossine,0.0,0.85,0,False,0.12359846093156425,Experimento 1
2031-08-01,cossine,0.0,0.85,3,False,0.14023312247562658,Experimento 1
2031-08-01,cossine,0.0,0.85,7,False,0.14017769834835728,Experimento 1
2031-08-01,cossine,0.0,0.9,0,True,0.15552016682723313,Experimento 1
2031-08-01,cossine,0.0,0.9,0,False,0.12958908319810328,Experimento 1
2031-08-01,cossine,0.0,0.9,3,False,0.14060136714932592,Experimento 1
2031-08-01,cossine,0.0,0.9,7,False,0.15251512109380663,Experimento 1
2031-08-01,cossine,0.0,0.95,0,True,0.16017205751089322,Experimento 1
2031-08-01,cossine,0.0,0.95,0,False,0.13533703934468883,Experimento 1
2031-08-01,cossine,0.0,0.95,3,False,0.13769007948031703,Experimento 1
2031-08-01,cossine,0.0,0.95,7,False,0.1472236726626956,Experimento 1
2031-08-01,cossine,0.0,1.0,0,True,0.15576252535708726,Experimento 1
2031-08-01,cossine,0.0,1.0,0,False,0.14953383050368413,Experimento 1
2031-08-01,cossine,0.0,1.0,3,False,0.14922865261254992,Experimento 1
2031-08-01,cossine,0.0,1.0,7,False,0.14956730191973705,Experimento 1
2031-09-01,cossine,0.0,0.85,0,True,0.2623720895636934,Experimento 1
2031-09-01,cossine,0.0,0.85,0,False,0.21192770914189496,Experimento 1
2031-09-01,cossine,0.0,0.85,3,False,0.21274316241921223,Experimento 1
2031-09-01,cossine,0.0,0.85,7,False,0.21729777499296238,Experimento 1
2031-09-01,cossine,0.0,0.9,0,True,0.2586653425489599,Experimento 1
2031-09-01,cossine,0.0,0.9,0,False,0.22621776305922006,Experimento 1
2031-09-01,cossine,0.0,0.9,3,False,0.22754009905121006,Experimento 1
2031-09-01,cossine,0.0,0.9,7,False,0.23517403119865166,Experimento 1
2031-09-01,cossine,0.0,0.95,0,True,0.2587203033269437,Experimento 1
2031-09-01,cossine,0.0,0.95,0,False,0.2150147024139518,Experimento 1
2031-09-01,cossine,0.0,0.95,3,False,0.23394062043471145,Experimento 1
2031-09-01,cossine,0.0,0.95,7,False,0.25224668242048864,Experimento 1
2031-09-01,cossine,0.0,1.0,0,True,0.280799725704716,Experimento 1
2031-09-01,cossine,0.0,1.0,0,False,0.2232780873935221,Experimento 1
2031-09-01,cossine,0.0,1.0,3,False,0.264013610717496,Experimento 1
2031-09-01,cossine,0.0,1.0,7,False,0.26467312129253684,Experimento 1
2031-10-01,cossine,0.0,0.85,0,True,0.41035990228692987,Experimento 1
2031-10-01,cossine,0.0,0.85,0,False,0.3399367791971874,Experimento 1
2031-10-01,cossine,0.0,0.85,3,False,0.38869602874821574,Experimento 1
2031-10-01,cossine,0.0,0.85,7,False,0.35612909325428455,Experimento 1
2031-10-01,cossine,0.0,0.9,0,True,0.4155414154062995,Experimento 1
2031-10-01,cossine,0.0,0.9,0,False,0.35178610849913816,Experimento 1
2031-10-01,cossine,0.0,0.9,3,False,0.400718716683073,Experimento 1
2031-10-01,cossine,0.0,0.9,7,False,0.3661015720590942,Experimento 1
2031-10-01,cossine,0.0,0.95,0,True,0.4353788952918759,Experimento 1
2031-10-01,cossine,0.0,0.95,0,False,0.38665272781411375,Experimento 1
2031-10-01,cossine,0.0,0.95,3,False,0.38248591639154567,Experimento 1
2031-10-01,cossine,0.0,0.95,7,False,0.39627124295128613,Experimento 1
2031-10-01,cossine,0.0,1.0,0,True,0.42849367716522746,Experimento 1
2031-10-01,cossine,0.0,1.0,0,False,0.39927953430397894,Experimento 1
2031-10-01,cossine,0.0,1.0,3,False,0.40583767660823483,Experimento 1
2031-10-01,cossine,0.0,1.0,7,False,0.433901988804459,Experimento 1
2031-11-01,cossine,0.0,0.85,0,True,0.3830473813472407,Experimento 1
2031-11-01,cossine,0.0,0.85,0,False,0.34261932012052937,Experimento 1
2031-11-01,cossine,0.0,0.85,3,False,0.34329849428761866,Experimento 1
2031-11-01,cossine,0.0,0.85,7,False,0.36585140299317787,Experimento 1
2031-11-01,cossine,0.0,0.9,0,True,0.37121482810954093,Experimento 1
2031-11-01,cossine,0.0,0.9,0,False,0.3317303497644656,Experimento 1
2031-11-01,cossine,0.0,0.9,3,False,0.35554906696722455,Experimento 1
2031-11-01,cossine,0.0,0.9,7,False,0.3718787121132399,Experimento 1
2031-11-01,cossine,0.0,0.95,0,True,0.3643648082776056,Experimento 1
2031-11-01,cossine,0.0,0.95,0,False,0.35704272628601685,Experimento 1
2031-11-01,cossine,0.0,0.95,3,False,0.3785207487109727,Experimento 1
2031-11-01,cossine,0.0,0.95,7,False,0.3724832491513376,Experimento 1
2031-11-01,cossine,0.0,1.0,0,True,0.38600288976216895,Experimento 1
2031-11-01,cossine,0.0,1.0,0,False,0.37679100934988063,Experimento 1
2031-11-01,cossine,0.0,1.0,3,False,0.37648814207686443,Experimento 1
2031-11-01,cossine,0.0,1.0,7,False,0.34198613159452446,Experimento 1
2031-12-01,cossine,0.0,0.85,0,True,0.3402113008782125,Experimento 1
2031-12-01,cossine,0.0,0.85,0,False,0.34509668629702867,Experimento 1
2031-12-01,cossine,0.0,0.85,3,False,0.39431348566820174,Experimento 1
2031-12-01,cossine,0.0,0.85,7,False,0.3702479542018705,Experimento 1
2031-12-01,cossine,0.0,0.9,0,True,0.3463254561911495,Experimento 1
2031-12-01,cossine,0.0,0.9,0,False,0.3310040346429658,Experimento 1
2031-12-01,cossine,0.0,0.9,3,False,0.3494838878167762,Experimento 1
2031-12-01,cossine,0.0,0.9,7,False,0.3499247616529744,Experimento 1
2031-12-01,cossine,0.0,0.95,0,True,0.3327599666955223,Experimento 1
2031-12-01,cossine,0.0,0.95,0,False,0.3339866584828431,Experimento 1
2031-12-01,cossine,0.0,0.95,3,False,0.36074918821461516,Experimento 1
2031-12-01,cossine,0.0,0.95,7,False,0.3317471596222715,Experimento 1
2031-12-01,cossine,0.0,1.0,0,True,0.3519942957973732,Experimento 1
2031-12-01,cossine,0.0,1.0,0,False,0.3477715299739543,Experimento 1
2031-12-01,cossine,0.0,1.0,3,False,0.3461848285984821,Experimento 1
2031-12-01,cossine,0.0,1.0,7,False,0.3519507559312237,Experimento 1
2031-01-01,cossine,0.3,0.85,0,True,1.437226225934433,Experimento 2
2031-01-01,cossine,0.3,0.85,0,False,1.4571294201049596,Experimento 2
2031-01-01,cossine,0.3,0.85,3,False,1.4204130590886483,Experimento 2
2031-01-01,cossine,0.3,0.85,7,False,1.4187866121465575,Experimento 2
2031-01-01,cossine,0.3,0.9,0,True,1.8128963870817771,Experimento 2
2031-01-01,cossine,0.3,0.9,0,False,1.7421792269694072,Experimento 2
2031-01-01,cossine,0.3,0.9,3,False,1.7647292462246569,Experimento 2
2031-01-01,cossine,0.3,0.9,7,False,1.820436380385267,Experimento 2
2031-01-01,cossine,0.3,0.95,0,True,2.3859600142609123,Experimento 2
2031-01-01,cossine,0.3,0.95,0,False,2.3304961338822126,Experimento 2
2031-01-01,cossine,0.3,0.95,3,False,2.345112106116265,Experimento 2
2031-01-01,cossine,0.3,0.95,7,False,2.330132199600319,Experimento 2
2031-01-01,cossine,0.3,1.0,0,True,3.1511801029333517,Experimento 2
2031-01-01,cossine,0.3,1.0,0,False,3.098342157368132,Experimento 2
2031-01-01,cossine,0.3,1.0,3,False,3.149014730853271,Experimento 2
2031-01-01,cossine,0.3,1.0,7,False,3.1003441994789953,Experimento 2
2031-02-01,cossine,0.3,0.85,0,True,0.8614409592022061,Experimento 2
2031-02-01,cossine,0.3,0.85,0,False,0.8373641556966384,Experimento 2
2031-02-01,cossine,0.3,0.85,3,False,0.8714788359254803,Experimento 2
2031-02-01,cossine,0.3,0.85,7,False,0.8241673737640758,Experimento 2
2031-02-01,cossine,0.3,0.9,0,True,1.3085962863246574,Experimento 2
2031-02-01,cossine,0.3,0.9,0,False,1.2932883719965311,Experimento 2
2031-02-01,cossine,0.3,0.9,3,False,1.2903213239144593,Experimento 2
2031-02-01,cossine,0.3,0.9,7,False,1.2682690045611917,Experimento 2
2031-02-01,cossine,0.3,0.95,0,True,1.986764070682124,Experimento 2
2031-02-01,cossine,0.3,0.95,0,False,1.9911490523394821,Experimento 2
2031-02-01,cossine,0.3,0.95,3,False,1.9949452670415166,Experimento 2
2031-02-01,cossine,0.3,0.95,7,False,1.9762024302447307,Experimento 2
2031-02-01,cossine,0.3,1.0,0,True,2.8772627427977415,Experimento 2
2031-02-01,cossine,0.3,1.0,0,False,2.918964265386391,Experimento 2
2031-02-01,cossine,0.3,1.0,3,False,2.885870262765246,Experimento 2
2031-02-01,cossine,0.3,1.0,7,False,2.8839421194064605,Experimento 2
2031-03-01,cossine,0.3,0.85,0,True,1.0689068166301794,Experimento 2
2031-03-01,cossine,0.3,0.85,0,False,1.1046415440119117,Experimento 2
2031-03-01,cossine,0.3,0.85,3,False,1.0956913007900249,Experimento 2
2031-03-01,cossine,0.3,0.85,7,False,1.0870175770359145,Experimento 2
2031-03-01,cossine,0.3,0.9,0,True,1.4811927171343577,Experimento 2
2031-03-01,cossine,0.3,0.9,0,False,1.5209771346499292,Experimento 2
2031-03-01,cossine,0.3,0.9,3,False,1.51495454707733,Experimento 2
2031-03-01,cossine,0.3,0.9,7,False,1.4695680042802308,Experimento 2
2031-03-01,cossine,0.3,0.95,0,True,2.014691463711314,Experimento 2
2031-03-01,cossine,0.3,0.95,0,False,2.096418568960673,Experimento 2
2031-03-01,cossine,0.3,0.95,3,False,2.1128096963958645,Experimento 2
2031-03-01,cossine,0.3,0.95,7,False,2.069928570765783,Experimento 2
2031-03-01,cossine,0.3,1.0,0,True,2.7828204109245647,Experimento 2
2031-03-01,cossine,0.3,1.0,0,False,2.8230919867414235,Experimento 2
2031-03-01,cossine,0.3,1.0,3,False,2.8449144764775305,Experimento 2
2031-03-01,cossine,0.3,1.0,7,False,2.7840495389299003,Experimento 2
2031-04-01,cossine,0.3,0.85,0,True,0.8789978488984461,Experimento 2
2031-04-01,cossine,0.3,0.85,0,False,0.8555693288500991,Experimento 2
2031-04-01,cossine,0.3,0.85,3,False,0.9306810330448579,Experimento 2
2031-04-01,cossine,0.3,0.85,7,False,0.892789906332994,Experimento 2
2031-04-01,cossine,0.3,0.9,0,True,1.1728571988689553,Experimento 2
2031-04-01,cossine,0.3,0.9,0,False,1.2304299535976582,Experimento 2
2031-04-01,cossine,0.3,0.9,3,False,1.242673969494531,Experimento 2
2031-04-01,cossine,0.3,0.9,7,False,1.2689834968578655,Experimento 2
2031-04-01,cossine,0.3,0.95,0,True,1.7801384219674448,Experimento 2
2031-04-01,cossine,0.3,0.95,0,False,1.719456438977382,Experimento 2
2031-04-01,cossine,0.3,0.95,3,False,1.7339186905602049,Experimento 2
2031-04-01,cossine,0.3,0.95,7,False,1.7142387439684843,Experimento 2
2031-04-01,cossine,0.3,1.0,0,True,2.3396402757417,Experimento 2
2031-04-01,cossine,0.3,1.0,0,False,2.3280885360833095,Experimento 2
2031-04-01,cossine,0.3,1.0,3,False,2.3303825919174845,Experimento 2
2031-04-01,cossine,0.3,1.0,7,False,2.3913699547009974,Experimento 2
2031-05-01,cossine,0.3,0.85,0,True,0.8294312085374606,Experimento 2
2031-05-01,cossine,0.3,0.85,0,False,0.8973443405802575,Experimento 2
2031-05-01,cossine,0.3,0.85,3,False,0.8712960172840954,Experimento 2
2031-05-01,cossine,0.3,0.85,7,False,0.8968589683546475,Experimento 2
2031-05-01,cossine,0.3,0.9,0,True,1.0881805852256923,Experimento 2
2031-05-01,cossine,0.3,0.9,0,False,1.1609707156076923,Experimento 2
2031-05-01,cossine,0.3,0.9,3,False,1.147077723648499,Experimento 2
2031-05-01,cossine,0.3,0.9,7,False,1.161156286049027,Experimento 2
2031-05-01,cossine,0.3,0.95,0,True,1.505318865518066,Experimento 2
2031-05-01,cossine,0.3,0.95,0,False,1.5308565588076062,Experimento 2
2031-05-01,cossine,0.3,0.95,3,False,1.5559181227390864,Experimento 2
2031-05-01,cossine,0.3,0.95,7,False,1.5518911160132027,Experimento 2
2031-05-01,cossine,0.3,1.0,0,True,2.0235476318004113,Experimento 2
2031-05-01,cossine,0.3,1.0,0,False,2.062052482327062,Experimento 2
2031-05-01,cossine,0.3,1.0,3,False,2.0179780668276366,Experimento 2
2031-05-01,cossine,0.3,1.0,7,False,2.0191084908314623,Experimento 2
2031-06-01,cossine,0.3,0.85,0,True,0.674671009420719,Experimento 2
2031-06-01,cossine,0.3,0.85,0,False,0.5833259859057615,Experimento 2
2031-06-01,cossine,0.3,0.85,3,False,0.5805350994497621,Experimento 2
2031-06-01,cossine,0.3,0.85,7,False,0.5970068864530909,Experimento 2
2031-06-01,cossine,0.3,0.9,0,True,0.9088030779023621,Experimento 2
2031-06-01,cossine,0.3,0.9,0,False,0.8459835401077787,Experimento 2
2031-06-01,cossine,0.3,0.9,3,False,0.8764419300810516,Experimento 2
2031-06-01,cossine,0.3,0.9,7,False,0.876441835181941,Experimento 2
2031-06-01,cossine,0.3,0.95,0,True,1.2929205942075712,Experimento 2
2031-06-01,cossine,0.3,0.95,0,False,1.3191761830125042,Experimento 2
2031-06-01,cossine,0.3,0.95,3,False,1.2920506804772367,Experimento 2
2031-06-01,cossine,0.3,0.95,7,False,1.28680245630959,Experimento 2
2031-06-01,cossine,0.3,1.0,0,True,1.8171019746150365,Experimento 2
2031-06-01,cossine,0.3,1.0,0,False,1.8763240182437853,Experimento 2
2031-06-01,cossine,0.3,1.0,3,False,1.8160310278282874,Experimento 2
2031-06-01,cossine,0.3,1.0,7,False,1.849759167836191,Experimento 2
2031-07-01,cossine,0.3,0.85,0,True,0.4517561286477251,Experimento 2
2031-07-01,cossine,0.3,0.85,0,False,0.4457821219079162,Experimento 2
2031-07-01,cossine,0.3,0.85,3,False,0.4959801130298657,Experimento 2
2031-07-01,cossine,0.3,0.85,7,False,0.4793822322435469,Experimento 2
2031-07-01,cossine,0.3,0.9,0,True,0.7549689667608638,Experimento 2
2031-07-01,cossine,0.3,0.9,0,False,0.7502957630840237,Experimento 2
2031-07-01,cossine,0.3,0.9,3,False,0.7555592617105868,Experimento 2
2031-07-01,cossine,0.3,0.9,7,False,0.7969125808562935,Experimento 2
2031-07-01,cossine,0.3,0.95,0,True,1.2439104732698878,Experimento 2
2031-07-01,cossine,0.3,0.95,0,False,1.2418291398240318,Experimento 2
2031-07-01,cossine,0.3,0.95,3,False,1.251860725359025,Experimento 2
2031-07-01,cossine,0.3,0.95,7,False,1.2492590459445392,Experimento 2
2031-07-01,cossine,0.3,1.0,0,True,1.9026855072819233,Experimento 2
2031-07-01,cossine,0.3,1.0,0,False,1.8347162712524125,Experimento 2
2031-07-01,cossine,0.3,1.0,3,False,1.8600702220902827,Experimento 2
2031-07-01,cossine,0.3,1.0,7,False,1.8310408398945377,Experimento 2
2031-08-01,cossine,0.3,0.85,0,True,0.9227899594264362,Experimento 2
2031-08-01,cossine,0.3,0.85,0,False,0.9145557444050455,Experimento 2
2031-08-01,cossine,0.3,0.85,3,False,0.9607438285265663,Experimento 2
2031-08-01,cossine,0.3,0.85,7,False,0.9998058671710381,Experimento 2
2031-08-01,cossine,0.3,0.9,0,True,1.2286301168251412,Experimento 2
2031-08-01,cossine,0.3,0.9,0,False,1.2178667733436501,Experimento 2
2031-08-01,cossine,0.3,0.9,3,False,1.2281282226984087,Experimento 2
2031-08-01,cossine,0.3,0.9,7,False,1.2364183446696306,Experimento 2
2031-08-01,cossine,0.3,0.95,0,True,1.745172523351628,Experimento 2
2031-08-01,cossine,0.3,0.95,0,False,1.6940585290913976,Experimento 2
2031-08-01,cossine,0.3,0.95,3,False,1.7615721677878384,Experimento 2
2031-08-01,cossine,0.3,0.95,7,False,1.7610955259725218,Experimento 2
2031-08-01,cossine,0.3,1.0,0,True,2.524850327256606,Experimento 2
2031-08-01,cossine,0.3,1.0,0,False,2.4893952212358745,Experimento 2
2031-08-01,cossine,0.3,1.0,3,False,2.4571401148434546,Experimento 2
2031-08-01,cossine,0.3,1.0,7,False,2.5040508829369834,Experimento 2
2031-09-01,cossine,0.3,0.85,0,True,1.0553611191577217,Experimento 2
2031-09-01,cossine,0.3,0.85,0,False,1.1066378219779245,Experimento 2
2031-09-01,cossine,0.3,0.85,3,False,1.1239112638153663,Experimento 2
2031-09-01,cossine,0.3,0.85,7,False,1.1223807394170489,Experimento 2
2031-09-01,cossine,0.3,0.9,0,True,1.7033577984299069,Experimento 2
2031-09-01,cossine,0.3,0.9,0,False,1.6768596544076322,Experimento 2
2031-09-01,cossine,0.3,0.9,3,False,1.7267511828264868,Experimento 2
2031-09-01,cossine,0.3,0.9,7,False,1.711328755132352,Experimento 2
2031-09-01,cossine,0.3,0.95,0,True,2.619375883127261,Experimento 2
2031-09-01,cossine,0.3,0.95,0,False,2.595503038187772,Experimento 2
2031-09-01,cossine,0.3,0.95,3,False,2.6060022542155727,Experimento 2
2031-09-01,cossine,0.3,0.95,7,False,2.631297606717623,Experimento 2
2031-09-01,cossine,0.3,1.0,0,True,3.945199696926377,Experimento 2
2031-09-01,cossine,0.3,1.0,0,False,3.900929053722717,Experimento 2
2031-09-01,cossine,0.3,1.0,3,False,3.994742601738988,Experimento 2
2031-09-01,cossine,0.3,1.0,7,False,3.992309552517668,Experimento 2
2031-10-01,cossine,0.3,0.85,0,True,1.0027366305000778,Experimento 2
2031-10-01,cossine,0.3,0.85,0,False,0.9898672968282612,Experimento 2
2031-10-01,cossine,0.3,0.85,3,False,0.9752022619558355,Experimento 2
2031-10-01,cossine,0.3,0.85,7,False,0.9678703656388752,Experimento 2
2031-10-01,cossine,0.3,0.9,0,True,1.731383762603308,Experimento 2
2031-10-01,cossine,0.3,0.9,0,False,1.6970530241609305,Experimento 2
2031-10-01,cossine,0.3,0.9,3,False,1.7734261736403676,Experimento 2
2031-10-01,cossine,0.3,0.9,7,False,1.7458437655100767,Experimento 2
2031-10-01,cossine,0.3,0.95,0,True,2.935465564628135,Experimento 2
2031-10-01,cossine,0.3,0.95,0,False,2.964656070176946,Experimento 2
2031-10-01,cossine,0.3,0.95,3,False,2.9232806128264106,Experimento 2
2031-10-01,cossine,0.3,0.95,7,False,2.9047550047205526,Experimento 2
2031-10-01,cossine,0.3,1.0,0,True,4.660721186869414,Experimento 2
2031-10-01,cossine,0.3,1.0,0,False,4.69917460900453,Experimento 2
2031-10-01,cossine,0.3,1.0,3,False,4.638932691610217,Experimento 2
2031-10-01,cossine,0.3,1.0,7,False,4.57538872752237,Experimento 2
2031-11-01,cossine,0.3,0.85,0,True,1.595362851955483,Experimento 2
2031-11-01,cossine,0.3,0.85,0,False,1.7587034790513025,Experimento 2
2031-11-01,cossine,0.3,0.85,3,False,1.6775570407031188,Experimento 2
2031-11-01,cossine,0.3,0.85,7,False,1.6446936656569302,Experimento 2
2031-11-01,cossine,0.3,0.9,0,True,2.2772115089789304,Experimento 2
2031-11-01,cossine,0.3,0.9,0,False,2.3430078521354503,Experimento 2
2031-11-01,cossine,0.3,0.9,3,False,2.318879193695568,Experimento 2
2031-11-01,cossine,0.3,0.9,7,False,2.2692815698825517,Experimento 2
2031-11-01,cossine,0.3,0.95,0,True,3.289131155461984,Experimento 2
2031-11-01,cossine,0.3,0.95,0,False,3.3563968072799235,Experimento 2
2031-11-01,cossine,0.3,0.95,3,False,3.3331938655312907,Experimento 2
2031-11-01,cossine,0.3,0.95,7,False,3.3380915892640486,Experimento 2
2031-11-01,cossine,0.3,1.0,0,True,4.72407086266956,Experimento 2
2031-11-01,cossine,0.3,1.0,0,False,4.719191733701451,Experimento 2
2031-11-01,cossine,0.3,1.0,3,False,4.630053115591922,Experimento 2
2031-11-01,cossine,0.3,1.0,7,False,4.680914031189881,Experimento 2
2031-12-01,cossine,0.3,0.85,0,True,1.404069893345899,Experimento 2
2031-12-01,cossine,0.3,0.85,0,False,1.4006439652687919,Experimento 2
2031-12-01,cossine,0.3,0.85,3,False,1.4091085333711428,Experimento 2
2031-12-01,cossine,0.3,0.85,7,False,1.4475040253095715,Experimento 2
2031-12-01,cossine,0.3,0.9,0,True,1.8724001441042806,Experimento 2
2031-12-01,cossine,0.3,0.9,0,False,1.94634018363435,Experimento 2
2031-12-01,cossine,0.3,0.9,3,False,1.9554504889883662,Experimento 2
2031-12-01,cossine,0.3,0.9,7,False,1.9062151703643897,Experimento 2
2031-12-01,cossine,0.3,0.95,0,True,2.6926995247089596,Experimento 2
2031-12-01,cossine,0.3,0.95,0,False,2.666279221605794,Experimento 2
2031-12-01,cossine,0.3,0.95,3,False,2.685160505002771,Experimento 2
2031-12-01,cossine,0.3,0.95,7,False,2.6811990369009138,Experimento 2
2031-12-01,cossine,0.3,1.0,0,True,3.7527142376651725,Experimento 2
2031-12-01,cossine,0.3,1.0,0,False,3.7250532832544723,Experimento 2
2031-12-01,cossine,0.3,1.0,3,False,3.7114167743624256,Experimento 2
2031-12-01,cossine,0.3,1.0,7,False,3.7030858664981,Experimento 2
2031-01-01,2_waves,0.0,0.85,0,True,0.6516450722185361,Experimento 3
2031-01-01,2_waves,0.0,0.85,0,False,0.2748090105615607,Experimento 3
2031-01-01,2_waves,0.0,0.85,3,False,0.30997441665554326,Experimento 3
2031-01-01,2_waves,0.0,0.85,7,False,0.275426063900648,Experimento 3
2031-01-01,2_waves,0.0,0.9,0,True,0.6629234520767923,Experimento 3
2031-01-01,2_waves,0.0,0.9,0,False,0.3067095502382664,Experimento 3
2031-01-01,2_waves,0.0,0.9,3,False,0.2893279949174731,Experimento 3
2031-01-01,2_waves,0.0,0.9,7,False,0.2937229032620599,Experimento 3
2031-01-01,2_waves,0.0,0.95,0,True,0.6949960797966638,Experimento 3
2031-01-01,2_waves,0.0,0.95,0,False,0.30317055724074865,Experimento 3
2031-01-01,2_waves,0.0,0.95,3,False,0.33585088778956596,Experimento 3
2031-01-01,2_waves,0.0,0.95,7,False,0.3044241108610042,Experimento 3
2031-01-01,2_waves,0.0,1.0,0,True,0.6593275644739932,Experimento 3
2031-01-01,2_waves,0.0,1.0,0,False,0.3174203778064062,Experimento 3
2031-01-01,2_waves,0.0,1.0,3,False,0.3128574248902117,Experimento 3
2031-01-01,2_waves,0.0,1.0,7,False,0.32164197110935705,Experimento 3
2031-02-01,2_waves,0.0,0.85,0,True,0.5555837923354506,Experimento 3
2031-02-01,2_waves,0.0,0.85,0,False,0.28483537897484884,Experimento 3
2031-02-01,2_waves,0.0,0.85,3,False,0.287243017016984,Experimento 3
2031-02-01,2_waves,0.0,0.85,7,False,0.277792802467281,Experimento 3
2031-02-01,2_waves,0.0,0.9,0,True,0.6109857185610146,Experimento 3
2031-02-01,2_waves,0.0,0.9,0,False,0.26231381782731183,Experimento 3
2031-02-01,2_waves,0.0,0.9,3,False,0.2808379989721326,Experimento 3
2031-02-01,2_waves,0.0,0.9,7,False,0.28843239365988543,Experimento 3
2031-02-01,2_waves,0.0,0.95,0,True,0.5228277193260262,Experimento 3
2031-02-01,2_waves,0.0,0.95,0,False,0.2806010033261581,Experimento 3
2031-02-01,2_waves,0.0,0.95,3,False,0.2981496350162218,Experimento 3
2031-02-01,2_waves,0.0,0.95,7,False,0.29944103052337506,Experimento 3
2031-02-01,2_waves,0.0,1.0,0,True,0.5555115925084697,Experimento 3
2031-02-01,2_waves,0.0,1.0,0,False,0.28110676119226446,Experimento 3
2031-02-01,2_waves,0.0,1.0,3,False,0.31702094947948783,Experimento 3
2031-02-01,2_waves,0.0,1.0,7,False,0.28421296008740676,Experimento 3
2031-03-01,2_waves,0.0,0.85,0,True,0.3365943349799506,Experimento 3
2031-03-01,2_waves,0.0,0.85,0,False,0.2788038171959839,Experimento 3
2031-03-01,2_waves,0.0,0.85,3,False,0.29075932691385714,Experimento 3
2031-03-01,2_waves,0.0,0.85,7,False,0.2828362253194881,Experimento 3
2031-03-01,2_waves,0.0,0.9,0,True,0.3679684239322746,Experimento 3
2031-03-01,2_waves,0.0,0.9,0,False,0.31424905095603367,Experimento 3
2031-03-01,2_waves,0.0,0.9,3,False,0.3139987625464583,Experimento 3
2031-03-01,2_waves,0.0,0.9,7,False,0.30504189256041553,Experimento 3
2031-03-01,2_waves,0.0,0.95,0,True,0.352393811141338,Experimento 3
2031-03-01,2_waves,0.0,0.95,0,False,0.30092234132288204,Experimento 3
2031-03-01,2_waves,0.0,0.95,3,False,0.34097640431623705,Experimento 3
2031-03-01,2_waves,0.0,0.95,7,False,0.27236244171028495,Experimento 3
2031-03-01,2_waves,0.0,1.0,0,True,0.3878758384339038,Experimento 3
2031-03-01,2_waves,0.0,1.0,0,False,0.3158210619857897,Experimento 3
2031-03-01,2_waves,0.0,1.0,3,False,0.3098461184791972,Experimento 3
2031-03-01,2_waves,0.0,1.0,7,False,0.32695692455283143,Experimento 3
2031-04-01,2_waves,0.0,0.85,0,True,1.2006044448814068,Experimento 3
2031-04-01,2_waves,0.0,0.85,0,False,0.6416030518100331,Experimento 3
2031-04-01,2_waves,0.0,0.85,3,False,0.6581080482162666,Experimento 3
2031-04-01,2_waves,0.0,0.85,7,False,0.7515286213446802,Experimento 3
2031-04-01,2_waves,0.0,0.9,0,True,0.9502272281523659,Experimento 3
2031-04-01,2_waves,0.0,0.9,0,False,0.5447575856892284,Experimento 3
2031-04-01,2_waves,0.0,0.9,3,False,0.5475160318278034,Experimento 3
2031-04-01,2_waves,0.0,0.9,7,False,0.6439256216371273,Experimento 3
2031-04-01,2_waves,0.0,0.95,0,True,0.8608840596176215,Experimento 3
2031-04-01,2_waves,0.0,0.95,0,False,0.44649053019929824,Experimento 3
2031-04-01,2_waves,0.0,0.95,3,False,0.5126380180420995,Experimento 3
2031-04-01,2_waves,0.0,0.95,7,False,0.4383623636512675,Experimento 3
2031-04-01,2_waves,0.0,1.0,0,True,0.8057708149612326,Experimento 3
2031-04-01,2_waves,0.0,1.0,0,False,0.38536462782360054,Experimento 3
2031-04-01,2_waves,0.0,1.0,3,False,0.3956644022614776,Experimento 3
2031-04-01,2_waves,0.0,1.0,7,False,0.4468845447431286,Experimento 3
2031-05-01,2_waves,0.0,0.85,0,True,0.6476897491962343,Experimento 3
2031-05-01,2_waves,0.0,0.85,0,False,0.38633726547585656,Experimento 3
2031-05-01,2_waves,0.0,0.85,3,False,0.3976226790872843,Experimento 3
2031-05-01,2_waves,0.0,0.85,7,False,0.4122627417382245,Experimento 3
2031-05-01,2_waves,0.0,0.9,0,True,0.771125326440701,Experimento 3
2031-05-01,2_waves,0.0,0.9,0,False,0.3960892465898407,Experimento 3
2031-05-01,2_waves,0.0,0.9,3,False,0.435393819721357,Experimento 3
2031-05-01,2_waves,0.0,0.9,7,False,0.4203570305660887,Experimento 3
2031-05-01,2_waves,0.0,0.95,0,True,0.7709113347483594,Experimento 3
2031-05-01,2_waves,0.0,0.95,0,False,0.3647506627919958,Experimento 3
2031-05-01,2_waves,0.0,0.95,3,False,0.43632541661440655,Experimento 3
2031-05-01,2_waves,0.0,0.95,7,False,0.41636580441931426,Experimento 3
2031-05-01,2_waves,0.0,1.0,0,True,0.7569623701606809,Experimento 3
2031-05-01,2_waves,0.0,1.0,0,False,0.3921306887532612,Experimento 3
2031-05-01,2_waves,0.0,1.0,3,False,0.3839293084188248,Experimento 3
2031-05-01,2_waves,0.0,1.0,7,False,0.40609872646080664,Experimento 3
2031-06-01,2_waves,0.0,0.85,0,True,0.3068256462536328,Experimento 3
2031-06-01,2_waves,0.0,0.85,0,False,0.32274782130060986,Experimento 3
2031-06-01,2_waves,0.0,0.85,3,False,0.33348033109816055,Experimento 3
2031-06-01,2_waves,0.0,0.85,7,False,0.34861997427513614,Experimento 3
2031-06-01,2_waves,0.0,0.9,0,True,0.33363738903334844,Experimento 3
2031-06-01,2_waves,0.0,0.9,0,False,0.31861323388686175,Experimento 3
2031-06-01,2_waves,0.0,0.9,3,False,0.34949525478357046,Experimento 3
2031-06-01,2_waves,0.0,0.9,7,False,0.3418142753825432,Experimento 3
2031-06-01,2_waves,0.0,0.95,0,True,0.2939111881153502,Experimento 3
2031-06-01,2_waves,0.0,0.95,0,False,0.31857325818449667,Experimento 3
2031-06-01,2_waves,0.0,0.95,3,False,0.3355235897312287,Experimento 3
2031-06-01,2_waves,0.0,0.95,7,False,0.3192150017534608,Experimento 3
2031-06-01,2_waves,0.0,1.0,0,True,0.2757631273283261,Experimento 3
2031-06-01,2_waves,0.0,1.0,0,False,0.342146814681165,Experimento 3
2031-06-01,2_waves,0.0,1.0,3,False,0.33436164083828696,Experimento 3
2031-06-01,2_waves,0.0,1.0,7,False,0.3404480864643739,Experimento 3
2031-07-01,2_waves,0.0,0.85,0,True,0.3681096723079351,Experimento 3
2031-07-01,2_waves,0.0,0.85,0,False,0.3013210872562344,Experimento 3
2031-07-01,2_waves,0.0,0.85,3,False,0.3005884434742058,Experimento 3
2031-07-01,2_waves,0.0,0.85,7,False,0.2743237533186085,Experimento 3
2031-07-01,2_waves,0.0,0.9,0,True,0.37525185048739546,Experimento 3
2031-07-01,2_waves,0.0,0.9,0,False,0.2726613326116569,Experimento 3
2031-07-01,2_waves,0.0,0.9,3,False,0.3094947548528016,Experimento 3
2031-07-01,2_waves,0.0,0.9,7,False,0.31374439479564425,Experimento 3
2031-07-01,2_waves,0.0,0.95,0,True,0.3617718892611012,Experimento 3
2031-07-01,2_waves,0.0,0.95,0,False,0.2936814717828161,Experimento 3
2031-07-01,2_waves,0.0,0.95,3,False,0.30035745900589905,Experimento 3
2031-07-01,2_waves,0.0,0.95,7,False,0.28686420262160733,Experimento 3
2031-07-01,2_waves,0.0,1.0,0,True,0.39264824571148865,Experimento 3
2031-07-01,2_waves,0.0,1.0,0,False,0.2566592099632233,Experimento 3
2031-07-01,2_waves,0.0,1.0,3,False,0.28597097006863537,Experimento 3
2031-07-01,2_waves,0.0,1.0,7,False,0.2760293044308212,Experimento 3
2031-08-01,2_waves,0.0,0.85,0,True,0.24677990006272332,Experimento 3
2031-08-01,2_waves,0.0,0.85,0,False,0.4450449800584215,Experimento 3
2031-08-01,2_waves,0.0,0.85,3,False,0.44330794101302784,Experimento 3
2031-08-01,2_waves,0.0,0.85,7,False,0.464241280550185,Experimento 3
2031-08-01,2_waves,0.0,0.9,0,True,0.2772132562882745,Experimento 3
2031-08-01,2_waves,0.0,0.9,0,False,0.41813963096739076,Experimento 3
2031-08-01,2_waves,0.0,0.9,3,False,0.42574635171238223,Experimento 3
2031-08-01,2_waves,0.0,0.9,7,False,0.4231068367830323,Experimento 3
2031-08-01,2_waves,0.0,0.95,0,True,0.3347206369708594,Experimento 3
2031-08-01,2_waves,0.0,0.95,0,False,0.3176893732169851,Experimento 3
2031-08-01,2_waves,0.0,0.95,3,False,0.3340922521066153,Experimento 3
2031-08-01,2_waves,0.0,0.95,7,False,0.33389082545024434,Experimento 3
2031-08-01,2_waves,0.0,1.0,0,True,0.3800189514818309,Experimento 3
2031-08-01,2_waves,0.0,1.0,0,False,0.2685233527710424,Experimento 3
2031-08-01,2_waves,0.0,1.0,3,False,0.28817925817424345,Experimento 3
2031-08-01,2_waves,0.0,1.0,7,False,0.28132109749991774,Experimento 3
2031-09-01,2_waves,0.0,0.85,0,True,0.3552203567387574,Experimento 3
2031-09-01,2_waves,0.0,0.85,0,False,0.18567153829168748,Experimento 3
2031-09-01,2_waves,0.0,0.85,3,False,0.1824263099936374,Experimento 3
2031-09-01,2_waves,0.0,0.85,7,False,0.18889120410197588,Experimento 3
2031-09-01,2_waves,0.0,0.9,0,True,0.3569248434218025,Experimento 3
2031-09-01,2_waves,0.0,0.9,0,False,0.19407568333442968,Experimento 3
2031-09-01,2_waves,0.0,0.9,3,False,0.18660642796804347,Experimento 3
2031-09-01,2_waves,0.0,0.9,7,False,0.17706244756866196,Experimento 3
2031-09-01,2_waves,0.0,0.95,0,True,0.35711130029270716,Experimento 3
2031-09-01,2_waves,0.0,0.95,0,False,0.1880397446164691,Experimento 3
2031-09-01,2_waves,0.0,0.95,3,False,0.18746180295315465,Experimento 3
2031-09-01,2_waves,0.0,0.95,7,False,0.2001154637470508,Experimento 3
2031-09-01,2_waves,0.0,1.0,0,True,0.4085966207607129,Experimento 3
2031-09-01,2_waves,0.0,1.0,0,False,0.18675681041773226,Experimento 3
2031-09-01,2_waves,0.0,1.0,3,False,0.1910331192623586,Experimento 3
2031-09-01,2_waves,0.0,1.0,7,False,0.17538485633439696,Experimento 3
2031-10-01,2_waves,0.0,0.85,0,True,0.4147133135798765,Experimento 3
2031-10-01,2_waves,0.0,0.85,0,False,0.36865954755863534,Experimento 3
2031-10-01,2_waves,0.0,0.85,3,False,0.38115243869587995,Experimento 3
2031-10-01,2_waves,0.0,0.85,7,False,0.3697174848116714,Experimento 3
2031-10-01,2_waves,0.0,0.9,0,True,0.46626234308068065,Experimento 3
2031-10-01,2_waves,0.0,0.9,0,False,0.29073249846366983,Experimento 3
2031-10-01,2_waves,0.0,0.9,3,False,0.2687960109869638,Experimento 3
2031-10-01,2_waves,0.0,0.9,7,False,0.2498803920237646,Experimento 3
2031-10-01,2_waves,0.0,0.95,0,True,0.4314489673530559,Experimento 3
2031-10-01,2_waves,0.0,0.95,0,False,0.18436689695798342,Experimento 3
2031-10-01,2_waves,0.0,0.95,3,False,0.22122089014933546,Experimento 3
2031-10-01,2_waves,0.0,0.95,7,False,0.2033552724619307,Experimento 3
2031-10-01,2_waves,0.0,1.0,0,True,0.5190402620521951,Experimento 3
2031-10-01,2_waves,0.0,1.0,0,False,0.19191828352822626,Experimento 3
2031-10-01,2_waves,0.0,1.0,3,False,0.1766818561299337,Experimento 3
2031-10-01,2_waves,0.0,1.0,7,False,0.1864425694250341,Experimento 3
2031-11-01,2_waves,0.0,0.85,0,True,1.321764077479605,Experimento 3
2031-11-01,2_waves,0.0,0.85,0,False,0.30838566889638974,Experimento 3
2031-11-01,2_waves,0.0,0.85,3,False,0.33753838816330695,Experimento 3
2031-11-01,2_waves,0.0,0.85,7,False,0.3739668718888174,Experimento 3
2031-11-01,2_waves,0.0,0.9,0,True,1.3284526450937364,Experimento 3
2031-11-01,2_waves,0.0,0.9,0,False,0.3500378725217366,Experimento 3
2031-11-01,2_waves,0.0,0.9,3,False,0.3597243729819778,Experimento 3
2031-11-01,2_waves,0.0,0.9,7,False,0.39533650542545334,Experimento 3
2031-11-01,2_waves,0.0,0.95,0,True,1.3875371346963212,Experimento 3
2031-11-01,2_waves,0.0,0.95,0,False,0.35465478135407597,Experimento 3
2031-11-01,2_waves,0.0,0.95,3,False,0.359412885568419,Experimento 3
2031-11-01,2_waves,0.0,0.95,7,False,0.36132785969783326,Experimento 3
2031-11-01,2_waves,0.0,1.0,0,True,1.3854018293059698,Experimento 3
2031-11-01,2_waves,0.0,1.0,0,False,0.36539211414936557,Experimento 3
2031-11-01,2_waves,0.0,1.0,3,False,0.3611971524517363,Experimento 3
2031-11-01,2_waves,0.0,1.0,7,False,0.37280706950161147,Experimento 3
2031-12-01,2_waves,0.0,0.85,0,True,0.7943580934113061,Experimento 3
2031-12-01,2_waves,0.0,0.85,0,False,0.3874965771089051,Experimento 3
2031-12-01,2_waves,0.0,0.85,3,False,0.4024465289415595,Experimento 3
2031-12-01,2_waves,0.0,0.85,7,False,0.4008681428394056,Experimento 3
2031-12-01,2_waves,0.0,0.9,0,True,0.7568554160020101,Experimento 3
2031-12-01,2_waves,0.0,0.9,0,False,0.403838688983752,Experimento 3
2031-12-01,2_waves,0.0,0.9,3,False,0.3962083528980788,Experimento 3
2031-12-01,2_waves,0.0,0.9,7,False,0.4451631752691492,Experimento 3
2031-12-01,2_waves,0.0,0.95,0,True,0.7593055156293028,Experimento 3
2031-12-01,2_waves,0.0,0.95,0,False,0.43661802093230573,Experimento 3
2031-12-01,2_waves,0.0,0.95,3,False,0.4304988251110583,Experimento 3
2031-12-01,2_waves,0.0,0.95,7,False,0.44140020921534884,Experimento 3
2031-12-01,2_waves,0.0,1.0,0,True,0.8208519675807713,Experimento 3
2031-12-01,2_waves,0.0,1.0,0,False,0.42238568309088537,Experimento 3
2031-12-01,2_waves,0.0,1.0,3,False,0.43072939543644334,Experimento 3
2031-12-01,2_waves,0.0,1.0,7,False,0.4711542430810114,Experimento 3
2031-01-01,3_waves,0.0,0.85,0,True,0.3157129481444249,Experimento 4
2031-01-01,3_waves,0.0,0.85,0,False,0.2063090519869993,Experimento 4
2031-01-01,3_waves,0.0,0.85,3,False,0.2179913652057124,Experimento 4
2031-01-01,3_waves,0.0,0.85,7,False,0.20651822600235312,Experimento 4
2031-01-01,3_waves,0.0,0.9,0,True,0.3269814798447656,Experimento 4
2031-01-01,3_waves,0.0,0.9,0,False,0.23146025529216308,Experimento 4
2031-01-01,3_waves,0.0,0.9,3,False,0.23055488315539496,Experimento 4
2031-01-01,3_waves,0.0,0.9,7,False,0.23567667815008578,Experimento 4
2031-01-01,3_waves,0.0,0.95,0,True,0.3002956679864034,Experimento 4
2031-01-01,3_waves,0.0,0.95,0,False,0.22417532579930285,Experimento 4
2031-01-01,3_waves,0.0,0.95,3,False,0.23476703163844725,Experimento 4
2031-01-01,3_waves,0.0,0.95,7,False,0.23354910662950779,Experimento 4
2031-01-01,3_waves,0.0,1.0,0,True,0.31476963226427723,Experimento 4
2031-01-01,3_waves,0.0,1.0,0,False,0.22576291971106852,Experimento 4
2031-01-01,3_waves,0.0,1.0,3,False,0.2446571655796257,Experimento 4
2031-01-01,3_waves,0.0,1.0,7,False,0.24336382008780927,Experimento 4
2031-02-01,3_waves,0.0,0.85,0,True,0.28287501053060976,Experimento 4
2031-02-01,3_waves,0.0,0.85,0,False,0.19698237728201354,Experimento 4
2031-02-01,3_waves,0.0,0.85,3,False,0.209476673452048,Experimento 4
2031-02-01,3_waves,0.0,0.85,7,False,0.20874869186919487,Experimento 4
2031-02-01,3_waves,0.0,0.9,0,True,0.29933020031834295,Experimento 4
2031-02-01,3_waves,0.0,0.9,0,False,0.21744559087895213,Experimento 4
2031-02-01,3_waves,0.0,0.9,3,False,0.2246789305839935,Experimento 4
2031-02-01,3_waves,0.0,0.9,7,False,0.22405500741143053,Experimento 4
2031-02-01,3_waves,0.0,0.95,0,True,0.290416246983828,Experimento 4
2031-02-01,3_waves,0.0,0.95,0,False,0.20407718618388979,Experimento 4
2031-02-01,3_waves,0.0,0.95,3,False,0.20966247403607366,Experimento 4
2031-02-01,3_waves,0.0,0.95,7,False,0.21672434675035157,Experimento 4
2031-02-01,3_waves,0.0,1.0,0,True,0.2888041481100627,Experimento 4
2031-02-01,3_waves,0.0,1.0,0,False,0.20090119302333906,Experimento 4
2031-02-01,3_waves,0.0,1.0,3,False,0.2009920215928422,Experimento 4
2031-02-01,3_waves,0.0,1.0,7,False,0.21497768969651032,Experimento 4
2031-03-01,3_waves,0.0,0.85,0,True,0.35040999220900565,Experimento 4
2031-03-01,3_waves,0.0,0.85,0,False,0.266524312877045,Experimento 4
2031-03-01,3_waves,0.0,0.85,3,False,0.23485150118858503,Experimento 4
2031-03-01,3_waves,0.0,0.85,7,False,0.2580601812087303,Experimento 4
2031-03-01,3_waves,0.0,0.9,0,True,0.32660658030475354,Experimento 4
2031-03-01,3_waves,0.0,0.9,0,False,0.26658132332374707,Experimento 4
2031-03-01,3_waves,0.0,0.9,3,False,0.2619113969810928,Experimento 4
2031-03-01,3_waves,0.0,0.9,7,False,0.2563424482458239,Experimento 4
2031-03-01,3_waves,0.0,0.95,0,True,0.31654129356066324,Experimento 4
2031-03-01,3_waves,0.0,0.95,0,False,0.26150336980701117,Experimento 4
2031-03-01,3_waves,0.0,0.95,3,False,0.231832931470811,Experimento 4
2031-03-01,3_waves,0.0,0.95,7,False,0.26800355378146606,Experimento 4
2031-03-01,3_waves,0.0,1.0,0,True,0.28154483520411966,Experimento 4
2031-03-01,3_waves,0.0,1.0,0,False,0.23694068730621015,Experimento 4
2031-03-01,3_waves,0.0,1.0,3,False,0.22276120826471463,Experimento 4
2031-03-01,3_waves,0.0,1.0,7,False,0.22476346733938257,Experimento 4
2031-04-01,3_waves,0.0,0.85,0,True,0.7999713540120094,Experimento 4
2031-04-01,3_waves,0.0,0.85,0,False,0.21689028763842208,Experimento 4
2031-04-01,3_waves,0.0,0.85,3,False,0.24586428279243422,Experimento 4
2031-04-01,3_waves,0.0,0.85,7,False,0.23099285655649374,Experimento 4
2031-04-01,3_waves,0.0,0.9,0,True,0.8758539652520065,Experimento 4
2031-04-01,3_waves,0.0,0.9,0,False,0.23790956554870185,Experimento 4
2031-04-01,3_waves,0.0,0.9,3,False,0.23192387702287626,Experimento 4
2031-04-01,3_waves,0.0,0.9,7,False,0.2456895395841951,Experimento 4
2031-04-01,3_waves,0.0,0.95,0,True,0.8719088473356051,Experimento 4
2031-04-01,3_waves,0.0,0.95,0,False,0.25870088806388863,Experimento 4
2031-04-01,3_waves,0.0,0.95,3,False,0.26096247862471605,Experimento 4
2031-04-01,3_waves,0.0,0.95,7,False,0.28553455574541653,Experimento 4
2031-04-01,3_waves,0.0,1.0,0,True,0.8874366372343062,Experimento 4
2031-04-01,3_waves,0.0,1.0,0,False,0.2656400689331972,Experimento 4
2031-04-01,3_waves,0.0,1.0,3,False,0.29932535386826853,Experimento 4
2031-04-01,3_waves,0.0,1.0,7,False,0.30610026805922347,Experimento 4
2031-05-01,3_waves,0.0,0.85,0,True,1.4708210081137194,Experimento 4
2031-05-01,3_waves,0.0,0.85,0,False,0.293731315715767,Experimento 4
2031-05-01,3_waves,0.0,0.85,3,False,0.3169343614344061,Experimento 4
2031-05-01,3_waves,0.0,0.85,7,False,0.3268122598795478,Experimento 4
2031-05-01,3_waves,0.0,0.9,0,True,1.4693860387320203,Experimento 4
2031-05-01,3_waves,0.0,0.9,0,False,0.33176299705847173,Experimento 4
2031-05-01,3_waves,0.0,0.9,3,False,0.3211146455105566,Experimento 4
2031-05-01,3_waves,0.0,0.9,7,False,0.3082648199538968,Experimento 4
2031-05-01,3_waves,0.0,0.95,0,True,1.4699537333973673,Experimento 4
2031-05-01,3_waves,0.0,0.95,0,False,0.31467254560234464,Experimento 4
2031-05-01,3_waves,0.0,0.95,3,False,0.32027862761507214,Experimento 4
2031-05-01,3_waves,0.0,0.95,7,False,0.3236697018335617,Experimento 4
2031-05-01,3_waves,0.0,1.0,0,True,1.4548625712056407,Experimento 4
2031-05-01,3_waves,0.0,1.0,0,False,0.32831044186555786,Experimento 4
2031-05-01,3_waves,0.0,1.0,3,False,0.34011161533743073,Experimento 4
2031-05-01,3_waves,0.0,1.0,7,False,0.3456446475409281,Experimento 4
2031-06-01,3_waves,0.0,0.85,0,True,0.9994285908328346,Experimento 4
2031-06-01,3_waves,0.0,0.85,0,False,0.3338848982892228,Experimento 4
2031-06-01,3_waves,0.0,0.85,3,False,0.39223927134130204,Experimento 4
2031-06-01,3_waves,0.0,0.85,7,False,0.38136092428975893,Experimento 4
2031-06-01,3_waves,0.0,0.9,0,True,1.0006148524980025,Experimento 4
2031-06-01,3_waves,0.0,0.9,0,False,0.3409815665705514,Experimento 4
2031-06-01,3_waves,0.0,0.9,3,False,0.3636728453578536,Experimento 4
2031-06-01,3_waves,0.0,0.9,7,False,0.4144293577332563,Experimento 4
2031-06-01,3_waves,0.0,0.95,0,True,0.9741426113831271,Experimento 4
2031-06-01,3_waves,0.0,0.95,0,False,0.39213256882602926,Experimento 4
2031-06-01,3_waves,0.0,0.95,3,False,0.3705991917778201,Experimento 4
2031-06-01,3_waves,0.0,0.95,7,False,0.40907104417121154,Experimento 4
2031-06-01,3_waves,0.0,1.0,0,True,0.9731024003372166,Experimento 4
2031-06-01,3_waves,0.0,1.0,0,False,0.4030815225210387,Experimento 4
2031-06-01,3_waves,0.0,1.0,3,False,0.409856209135134,Experimento 4
2031-06-01,3_waves,0.0,1.0,7,False,0.47724791399601446,Experimento 4
2031-07-01,3_waves,0.0,0.85,0,True,1.4121678586057806,Experimento 4
2031-07-01,3_waves,0.0,0.85,0,False,0.31096884641146516,Experimento 4
2031-07-01,3_waves,0.0,0.85,3,False,0.2879718433521144,Experimento 4
2031-07-01,3_waves,0.0,0.85,7,False,0.3137552678197126,Experimento 4
2031-07-01,3_waves,0.0,0.9,0,True,1.384346511430823,Experimento 4
2031-07-01,3_waves,0.0,0.9,0,False,0.30595949360950836,Experimento 4
2031-07-01,3_waves,0.0,0.9,3,False,0.2903894269797076,Experimento 4
2031-07-01,3_waves,0.0,0.9,7,False,0.2631737394406745,Experimento 4
2031-07-01,3_waves,0.0,0.95,0,True,1.1449913850576574,Experimento 4
2031-07-01,3_waves,0.0,0.95,0,False,0.2756701105455905,Experimento 4
2031-07-01,3_waves,0.0,0.95,3,False,0.2781066084280433,Experimento 4
2031-07-01,3_waves,0.0,0.95,7,False,0.29169377100278515,Experimento 4
2031-07-01,3_waves,0.0,1.0,0,True,1.0068070902881658,Experimento 4
2031-07-01,3_waves,0.0,1.0,0,False,0.26727190195422557,Experimento 4
2031-07-01,3_waves,0.0,1.0,3,False,0.28396835129892734,Experimento 4
2031-07-01,3_waves,0.0,1.0,7,False,0.2687663042190138,Experimento 4
2031-08-01,3_waves,0.0,0.85,0,True,0.9065391209729157,Experimento 4
2031-08-01,3_waves,0.0,0.85,0,False,0.2749566048112509,Experimento 4
2031-08-01,3_waves,0.0,0.85,3,False,0.28487930091458513,Experimento 4
2031-08-01,3_waves,0.0,0.85,7,False,0.2718364141237507,Experimento 4
2031-08-01,3_waves,0.0,0.9,0,True,1.0878211087907068,Experimento 4
2031-08-01,3_waves,0.0,0.9,0,False,0.2772956558509574,Experimento 4
2031-08-01,3_waves,0.0,0.9,3,False,0.27616497004616475,Experimento 4
2031-08-01,3_waves,0.0,0.9,7,False,0.28448906757146886,Experimento 4
2031-08-01,3_waves,0.0,0.95,0,True,1.125360631399878,Experimento 4
2031-08-01,3_waves,0.0,0.95,0,False,0.2621569995765914,Experimento 4
2031-08-01,3_waves,0.0,0.95,3,False,0.26120824246832364,Experimento 4
2031-08-01,3_waves,0.0,0.95,7,False,0.26803262785191967,Experimento 4
2031-08-01,3_waves,0.0,1.0,0,True,1.136943249241105,Experimento 4
2031-08-01,3_waves,0.0,1.0,0,False,0.26833169101530696,Experimento 4
2031-08-01,3_waves,0.0,1.0,3,False,0.25509244239646284,Experimento 4
2031-08-01,3_waves,0.0,1.0,7,False,0.2853055597682346,Experimento 4
2031-09-01,3_waves,0.0,0.85,0,True,0.4015548203695403,Experimento 4
2031-09-01,3_waves,0.0,0.85,0,False,0.45031430773782843,Experimento 4
2031-09-01,3_waves,0.0,0.85,3,False,0.47713662649336724,Experimento 4
2031-09-01,3_waves,0.0,0.85,7,False,0.46986880903370254,Experimento 4
2031-09-01,3_waves,0.0,0.9,0,True,0.39790150904399646,Experimento 4
2031-09-01,3_waves,0.0,0.9,0,False,0.42920719639756144,Experimento 4
2031-09-01,3_waves,0.0,0.9,3,False,0.37284111483196386,Experimento 4
2031-09-01,3_waves,0.0,0.9,7,False,0.429929127429741,Experimento 4
2031-09-01,3_waves,0.0,0.95,0,True,0.3827122108064269,Experimento 4
2031-09-01,3_waves,0.0,0.95,0,False,0.35887074955501347,Experimento 4
2031-09-01,3_waves,0.0,0.95,3,False,0.41525357912863886,Experimento 4
2031-09-01,3_waves,0.0,0.95,7,False,0.3703045166091848,Experimento 4
2031-09-01,3_waves,0.0,1.0,0,True,0.412584425506314,Experimento 4
2031-09-01,3_waves,0.0,1.0,0,False,0.3433317870076256,Experimento 4
2031-09-01,3_waves,0.0,1.0,3,False,0.34042955671933145,Experimento 4
2031-09-01,3_waves,0.0,1.0,7,False,0.3735080354216327,Experimento 4
2031-10-01,3_waves,0.0,0.85,0,True,1.2758378183929868,Experimento 4
2031-10-01,3_waves,0.0,0.85,0,False,0.6800300171125374,Experimento 4
2031-10-01,3_waves,0.0,0.85,3,False,0.7755021678933826,Experimento 4
2031-10-01,3_waves,0.0,0.85,7,False,0.7806177566085013,Experimento 4
2031-10-01,3_waves,0.0,0.9,0,True,1.2803970052270175,Experimento 4
2031-10-01,3_waves,0.0,0.9,0,False,0.7202333134756514,Experimento 4
2031-10-01,3_waves,0.0,0.9,3,False,0.7787025181439985,Experimento 4
2031-10-01,3_waves,0.0,0.9,7,False,0.7573839192543635,Experimento 4
2031-10-01,3_waves,0.0,0.95,0,True,1.1188144806224116,Experimento 4
2031-10-01,3_waves,0.0,0.95,0,False,0.6375609355385639,Experimento 4
2031-10-01,3_waves,0.0,0.95,3,False,0.687337838284355,Experimento 4
2031-10-01,3_waves,0.0,0.95,7,False,0.7085087466163119,Experimento 4
2031-10-01,3_waves,0.0,1.0,0,True,1.0091070162949174,Experimento 4
2031-10-01,3_waves,0.0,1.0,0,False,0.5822704857572809,Experimento 4
2031-10-01,3_waves,0.0,1.0,3,False,0.6548473719280486,Experimento 4
2031-10-01,3_waves,0.0,1.0,7,False,0.6054772698044024,Experimento 4
2031-11-01,3_waves,0.0,0.85,0,True,0.4891523988646023,Experimento 4
2031-11-01,3_waves,0.0,0.85,0,False,0.5166855356966311,Experimento 4
2031-11-01,3_waves,0.0,0.85,3,False,0.4758815027020087,Experimento 4
2031-11-01,3_waves,0.0,0.85,7,False,0.5386052921071418,Experimento 4
2031-11-01,3_waves,0.0,0.9,0,True,0.5273886769390552,Experimento 4
2031-11-01,3_waves,0.0,0.9,0,False,0.47885523204899577,Experimento 4
2031-11-01,3_waves,0.0,0.9,3,False,0.5432751893881403,Experimento 4
2031-11-01,3_waves,0.0,0.9,7,False,0.4958626668894278,Experimento 4
2031-11-01,3_waves,0.0,0.95,0,True,0.6561271424789968,Experimento 4
2031-11-01,3_waves,0.0,0.95,0,False,0.539251656893684,Experimento 4
2031-11-01,3_waves,0.0,0.95,3,False,0.564154153833296,Experimento 4
2031-11-01,3_waves,0.0,0.95,7,False,0.5515084962527659,Experimento 4
2031-11-01,3_waves,0.0,1.0,0,True,0.7256975536770339,Experimento 4
2031-11-01,3_waves,0.0,1.0,0,False,0.5915186090219164,Experimento 4
2031-11-01,3_waves,0.0,1.0,3,False,0.5920427364922121,Experimento 4
2031-11-01,3_waves,0.0,1.0,7,False,0.63181291929403,Experimento 4
2031-12-01,3_waves,0.0,0.85,0,True,0.34089620990535596,Experimento 4
2031-12-01,3_waves,0.0,0.85,0,False,0.397590917936036,Experimento 4
2031-12-01,3_waves,0.0,0.85,3,False,0.38192314603867245,Experimento 4
2031-12-01,3_waves,0.0,0.85,7,False,0.41039224139796876,Experimento 4
2031-12-01,3_waves,0.0,0.9,0,True,0.37935194964808955,Experimento 4
2031-12-01,3_waves,0.0,0.9,0,False,0.3636998210625929,Experimento 4
2031-12-01,3_waves,0.0,0.9,3,False,0.38646664083614635,Experimento 4
2031-12-01,3_waves,0.0,0.9,7,False,0.37981571685608956,Experimento 4
2031-12-01,3_waves,0.0,0.95,0,True,0.34788082382712426,Experimento 4
2031-12-01,3_waves,0.0,0.95,0,False,0.3855748135087343,Experimento 4
2031-12-01,3_waves,0.0,0.95,3,False,0.40498103010961023,Experimento 4
2031-12-01,3_waves,0.0,0.95,7,False,0.41271145141797977,Experimento 4
2031-12-01,3_waves,0.0,1.0,0,True,0.35953450600359016,Experimento 4
2031-12-01,3_waves,0.0,1.0,0,False,0.3860476390724264,Experimento 4
2031-12-01,3_waves,0.0,1.0,3,False,0.3736373844631383,Experimento 4
2031-12-01,3_waves,0.0,1.0,7,False,0.4015639449331673,Experimento 4
